product_id,district_id,district_name,state_id,state_name,forecast_valid_time,initialization_time,lead_time_hours,aggregation_method,rainfall_mm,min_rainfall_mm,max_rainfall_mm,median_rainfall_mm,p90_rainfall_mm,p95_rainfall_mm,p99_rainfall_mm,rain_probability,heavy_probability,very_heavy_probability,extreme_probability,hotspot_latitude,hotspot_longitude,hotspot_rainfall_mm,valid_grid_cells,total_grid_cells,coverage_fraction,model_version,dataset_version,data_mode,boundary_version,raw_nwp_rainfall_mm,global_ml_rainfall_mm,difference_nwp_mm,difference_global_ml_mm,risk_category,risk_description,color_hex,hotspot_intensity,max_heavy_probability,max_extreme_probability,high_risk_cells_count,area_km2,classification_rule
PROD_DIST_NAGPUR_20250702 000000+0000_24H,NAGPUR,Nagpur,MH,Maharashtra,2025-07-02 00:00:00+00:00,2025-07-01 00:00:00+00:00,24,AREA_WEIGHTED,12.12,2.5,206.52,6.02,16.97,32.29,178.95,1.0,0.0733,0.0313,0.0091,21.5,78.5,206.52,120,120,1.0,ramp_v1.0.0,ramp_v0.3.0,SYNTHETIC_DEMO,v1.0.0,10.69,10.15,1.43,1.97,VERY_HIGH_RAINFALL,Substantial probability of very heavy rainfall (>=115.6 mm),#CC3300,17.04,0.85,0.5,3,12671.44,Triggered on rain>=115.6mm OR P(H)>=0.65 OR P(VH)>=0.4 OR P(Ext)>=0.2
PROD_PUNE_NO_COVERAGE,PUNE,Pune,MH,Maharashtra,,,24,AREA_WEIGHTED,0.0,0.0,0.0,0.0,0.0,0.0,0.0,0.0,0.0,0.0,0.0,0.0,0.0,0.0,0,0,0.0,ramp_v1.0.0,ramp_v0.3.0,SYNTHETIC_DEMO,v1.0.0,0.0,0.0,0.0,0.0,NORMAL,Normal monsoon conditions,#009933,1.0,0.0,0.0,0,20605.7,DEFAULT
PROD_MUMBAI_NO_COVERAGE,MUMBAI,Mumbai,MH,Maharashtra,,,24,AREA_WEIGHTED,0.0,0.0,0.0,0.0,0.0,0.0,0.0,0.0,0.0,0.0,0.0,0.0,0.0,0.0,0,0,0.0,ramp_v1.0.0,ramp_v0.3.0,SYNTHETIC_DEMO,v1.0.0,0.0,0.0,0.0,0.0,NORMAL,Normal monsoon conditions,#009933,1.0,0.0,0.0,0,1753.07,DEFAULT
PROD_DIST_AMRAVATI_20250702 000000+0000_24H,AMRAVATI,Amravati,MH,Maharashtra,2025-07-02 00:00:00+00:00,2025-07-01 00:00:00+00:00,24,AREA_WEIGHTED,13.56,2.5,124.3,8.29,30.77,43.14,78.23,1.0,0.083,0.0267,0.005,21.0,78.0,124.3,240,240,1.0,ramp_v1.0.0,ramp_v0.3.0,SYNTHETIC_DEMO,v1.0.0,12.29,11.67,1.27,1.89,HIGH_RAINFALL,Moderate to high risk of heavy rainfall (>=64.5 mm),#FF9900,9.17,0.85,0.005,6,12680.05,Triggered on rain>=64.5mm OR P(H)>=0.4 OR P(VH)>=0.2 OR P(Ext)>=0.05
PROD_RATNAGIRI_NO_COVERAGE,RATNAGIRI,Ratnagiri,MH,Maharashtra,,,24,AREA_WEIGHTED,0.0,0.0,0.0,0.0,0.0,0.0,0.0,0.0,0.0,0.0,0.0,0.0,0.0,0.0,0,0,0.0,ramp_v1.0.0,ramp_v0.3.0,SYNTHETIC_DEMO,v1.0.0,0.0,0.0,0.0,0.0,NORMAL,Normal monsoon conditions,#009933,1.0,0.0,0.0,0,12391.45,DEFAULT
PROD_NASHIK_NO_COVERAGE,NASHIK,Nashik,MH,Maharashtra,,,24,AREA_WEIGHTED,0.0,0.0,0.0,0.0,0.0,0.0,0.0,0.0,0.0,0.0,0.0,0.0,0.0,0.0,0,0,0.0,ramp_v1.0.0,ramp_v0.3.0,SYNTHETIC_DEMO,v1.0.0,0.0,0.0,0.0,0.0,NORMAL,Normal monsoon conditions,#009933,1.0,0.0,0.0,0,22633.92,DEFAULT
PROD_WAYANAD_NO_COVERAGE,WAYANAD,Wayanad,KL,Kerala,,,24,AREA_WEIGHTED,0.0,0.0,0.0,0.0,0.0,0.0,0.0,0.0,0.0,0.0,0.0,0.0,0.0,0.0,0,0,0.0,ramp_v1.0.0,ramp_v0.3.0,SYNTHETIC_DEMO,v1.0.0,0.0,0.0,0.0,0.0,NORMAL,Normal monsoon conditions,#009933,1.0,0.0,0.0,0,2905.77,DEFAULT
PROD_IDUKKI_NO_COVERAGE,IDUKKI,Idukki,KL,Kerala,,,24,AREA_WEIGHTED,0.0,0.0,0.0,0.0,0.0,0.0,0.0,0.0,0.0,0.0,0.0,0.0,0.0,0.0,0,0,0.0,ramp_v1.0.0,ramp_v0.3.0,SYNTHETIC_DEMO,v1.0.0,0.0,0.0,0.0,0.0,NORMAL,Normal monsoon conditions,#009933,1.0,0.0,0.0,0,6818.75,DEFAULT
PROD_ERNAKULAM_NO_COVERAGE,ERNAKULAM,Ernakulam,KL,Kerala,,,24,AREA_WEIGHTED,0.0,0.0,0.0,0.0,0.0,0.0,0.0,0.0,0.0,0.0,0.0,0.0,0.0,0.0,0,0,0.0,ramp_v1.0.0,ramp_v0.3.0,SYNTHETIC_DEMO,v1.0.0,0.0,0.0,0.0,0.0,NORMAL,Normal monsoon conditions,#009933,1.0,0.0,0.0,0,3652.36,DEFAULT
PROD_AHMEDABAD_NO_COVERAGE,AHMEDABAD,Ahmedabad,GJ,Gujarat,,,24,AREA_WEIGHTED,0.0,0.0,0.0,0.0,0.0,0.0,0.0,0.0,0.0,0.0,0.0,0.0,0.0,0.0,0,0,0.0,ramp_v1.0.0,ramp_v0.3.0,SYNTHETIC_DEMO,v1.0.0,0.0,0.0,0.0,0.0,NORMAL,Normal monsoon conditions,#009933,1.0,0.0,0.0,0,8194.51,DEFAULT
PROD_SURAT_NO_COVERAGE,SURAT,Surat,GJ,Gujarat,,,24,AREA_WEIGHTED,0.0,0.0,0.0,0.0,0.0,0.0,0.0,0.0,0.0,0.0,0.0,0.0,0.0,0.0,0,0,0.0,ramp_v1.0.0,ramp_v0.3.0,SYNTHETIC_DEMO,v1.0.0,0.0,0.0,0.0,0.0,NORMAL,Normal monsoon conditions,#009933,1.0,0.0,0.0,0,4033.25,DEFAULT
PROD_BENGALURU_NO_COVERAGE,BENGALURU,Bengaluru Urban,KA,Karnataka,,,24,AREA_WEIGHTED,0.0,0.0,0.0,0.0,0.0,0.0,0.0,0.0,0.0,0.0,0.0,0.0,0.0,0.0,0,0,0.0,ramp_v1.0.0,ramp_v0.3.0,SYNTHETIC_DEMO,v1.0.0,0.0,0.0,0.0,0.0,NORMAL,Normal monsoon conditions,#009933,1.0,0.0,0.0,0,1927.58,DEFAULT
PROD_DAKSHINA_KANNADA_NO_COVERAGE,DAKSHINA_KANNADA,Dakshina Kannada,KA,Karnataka,,,24,AREA_WEIGHTED,0.0,0.0,0.0,0.0,0.0,0.0,0.0,0.0,0.0,0.0,0.0,0.0,0.0,0.0,0,0,0.0,ramp_v1.0.0,ramp_v0.3.0,SYNTHETIC_DEMO,v1.0.0,0.0,0.0,0.0,0.0,NORMAL,Normal monsoon conditions,#009933,1.0,0.0,0.0,0,5906.73,DEFAULT
PROD_PURI_NO_COVERAGE,PURI,Puri,OD,Odisha,,,24,AREA_WEIGHTED,0.0,0.0,0.0,0.0,0.0,0.0,0.0,0.0,0.0,0.0,0.0,0.0,0.0,0.0,0,0,0.0,ramp_v1.0.0,ramp_v0.3.0,SYNTHETIC_DEMO,v1.0.0,0.0,0.0,0.0,0.0,NORMAL,Normal monsoon conditions,#009933,1.0,0.0,0.0,0,9068.16,DEFAULT
PROD_CUTTACK_NO_COVERAGE,CUTTACK,Cuttack,OD,Odisha,,,24,AREA_WEIGHTED,0.0,0.0,0.0,0.0,0.0,0.0,0.0,0.0,0.0,0.0,0.0,0.0,0.0,0.0,0,0,0.0,ramp_v1.0.0,ramp_v0.3.0,SYNTHETIC_DEMO,v1.0.0,0.0,0.0,0.0,0.0,NORMAL,Normal monsoon conditions,#009933,1.0,0.0,0.0,0,4864.11,DEFAULT
PROD_KAMRUP_NO_COVERAGE,KAMRUP,Kamrup Metropolitan,AS,Assam,,,24,AREA_WEIGHTED,0.0,0.0,0.0,0.0,0.0,0.0,0.0,0.0,0.0,0.0,0.0,0.0,0.0,0.0,0,0,0.0,ramp_v1.0.0,ramp_v0.3.0,SYNTHETIC_DEMO,v1.0.0,0.0,0.0,0.0,0.0,NORMAL,Normal monsoon conditions,#009933,1.0,0.0,0.0,0,3329.6,DEFAULT
PROD_SHIMLA_NO_COVERAGE,SHIMLA,Shimla,HP,Himachal Pradesh,,,24,AREA_WEIGHTED,0.0,0.0,0.0,0.0,0.0,0.0,0.0,0.0,0.0,0.0,0.0,0.0,0.0,0.0,0,0,0.0,ramp_v1.0.0,ramp_v0.3.0,SYNTHETIC_DEMO,v1.0.0,0.0,0.0,0.0,0.0,NORMAL,Normal monsoon conditions,#009933,1.0,0.0,0.0,0,5710.98,DEFAULT
PROD_JAIPUR_NO_COVERAGE,JAIPUR,Jaipur,RJ,Rajasthan,,,24,AREA_WEIGHTED,0.0,0.0,0.0,0.0,0.0,0.0,0.0,0.0,0.0,0.0,0.0,0.0,0.0,0.0,0,0,0.0,ramp_v1.0.0,ramp_v0.3.0,SYNTHETIC_DEMO,v1.0.0,0.0,0.0,0.0,0.0,NORMAL,Normal monsoon conditions,#009933,1.0,0.0,0.0,0,8919.41,DEFAULT
PROD_DELHI_NO_COVERAGE,DELHI,Delhi NCT,DL,Delhi,,,24,AREA_WEIGHTED,0.0,0.0,0.0,0.0,0.0,0.0,0.0,0.0,0.0,0.0,0.0,0.0,0.0,0.0,0,0,0.0,ramp_v1.0.0,ramp_v0.3.0,SYNTHETIC_DEMO,v1.0.0,0.0,0.0,0.0,0.0,NORMAL,Normal monsoon conditions,#009933,1.0,0.0,0.0,0,2712.61,DEFAULT
PROD_CHENNAI_NO_COVERAGE,CHENNAI,Chennai,TN,Tamil Nadu,,,24,AREA_WEIGHTED,0.0,0.0,0.0,0.0,0.0,0.0,0.0,0.0,0.0,0.0,0.0,0.0,0.0,0.0,0,0,0.0,ramp_v1.0.0,ramp_v0.3.0,SYNTHETIC_DEMO,v1.0.0,0.0,0.0,0.0,0.0,NORMAL,Normal monsoon conditions,#009933,1.0,0.0,0.0,0,722.7,DEFAULT
PROD_KOLKATA_NO_COVERAGE,KOLKATA,Kolkata,WB,West Bengal,,,24,AREA_WEIGHTED,0.0,0.0,0.0,0.0,0.0,0.0,0.0,0.0,0.0,0.0,0.0,0.0,0.0,0.0,0,0,0.0,ramp_v1.0.0,ramp_v0.3.0,SYNTHETIC_DEMO,v1.0.0,0.0,0.0,0.0,0.0,NORMAL,Normal monsoon conditions,#009933,1.0,0.0,0.0,0,1027.71,DEFAULT
