model_a,model_b,metric,n_samples,model_a_value,model_b_value,difference,ci_lower,ci_upper,p_value_approx,conclusion,n_bootstrap,confidence_level,effect_size,data_mode
MEAN_BIAS,RAW_NWP,rmse,200,5.0641,6.3675,-1.3034,-2.2421,-0.4993,0.0067,LOWER_RMSE,300,0.95,0.2047,SYNTHETIC_DEMO
MEAN_BIAS,RAW_NWP,mae,200,3.8681,4.8874,-1.0193,-1.7714,-0.3325,0.0067,LOWER_MAE,300,0.95,None,SYNTHETIC_DEMO
QUANTILE_MAPPING,RAW_NWP,rmse,200,4.5227,6.3675,-1.8448,-2.8332,-0.956,0.0,LOWER_RMSE,300,0.95,0.2897,SYNTHETIC_DEMO
QUANTILE_MAPPING,RAW_NWP,mae,200,3.4395,4.8874,-1.4479,-2.1992,-0.813,0.0,LOWER_MAE,300,0.95,None,SYNTHETIC_DEMO
GLOBAL_ML,RAW_NWP,rmse,200,4.0706,6.3675,-2.297,-3.3005,-1.4017,0.0,LOWER_RMSE,300,0.95,0.3607,SYNTHETIC_DEMO
GLOBAL_ML,RAW_NWP,mae,200,3.1038,4.8874,-1.7836,-2.4431,-1.1178,0.0,LOWER_MAE,300,0.95,None,SYNTHETIC_DEMO
RAMP_MOE,RAW_NWP,rmse,200,3.6069,6.3675,-2.7606,-3.5452,-2.0021,0.0,LOWER_RMSE,300,0.95,0.4335,SYNTHETIC_DEMO
RAMP_MOE,RAW_NWP,mae,200,2.8091,4.8874,-2.0783,-2.7433,-1.4744,0.0,LOWER_MAE,300,0.95,None,SYNTHETIC_DEMO
RAMP_EXTREME,RAW_NWP,rmse,200,3.6268,6.3675,-2.7407,-3.7108,-1.8497,0.0,LOWER_RMSE,300,0.95,0.4304,SYNTHETIC_DEMO
RAMP_EXTREME,RAW_NWP,mae,200,2.7379,4.8874,-2.1495,-2.7669,-1.5305,0.0,LOWER_MAE,300,0.95,None,SYNTHETIC_DEMO