case_id,failure_type,timestamp,latitude,longitude,district,state,lead_time_hours,regime,ramp_prediction_mm,raw_nwp_mm,global_ml_mm,rain_probability,heavy_probability,very_heavy_probability,extreme_probability,observed_mm,error_mm,absolute_error_mm,threshold_category,data_mode,availability_status
SYNTH_FC_000,UNDERPREDICTION,2024-07-15T06:00:00Z,21.15,79.08,Nagpur,Maharashtra,72,LOW_DEPRESSION,0.3163,5.6312,6.2474,0.36,0.2107,0.0567,0.0071,None,None,None,RAIN,SYNTHETIC_DEMO,SYNTHETIC_DEMO
SYNTH_FC_001,OVERPREDICTION,2024-07-15T06:00:00Z,12.97,77.59,Bangalore Rural,Karnataka,48,BREAK_MONSOON,11.4477,12.6284,11.5701,0.4091,0.1142,0.0526,0.0262,None,None,None,RAIN,SYNTHETIC_DEMO,SYNTHETIC_DEMO
SYNTH_FC_002,MISS_HEAVY,2024-07-15T06:00:00Z,9.93,76.26,Kochi,Kerala,48,COASTAL,8.5522,6.7864,0.9529,0.328,0.3908,0.0426,0.0045,None,None,None,RAIN,SYNTHETIC_DEMO,SYNTHETIC_DEMO
SYNTH_FC_003,FALSE_ALARM_HEAVY,2024-07-15T06:00:00Z,13.08,80.27,Chennai,Tamil Nadu,24,COASTAL,10.63,11.5601,10.9389,0.3279,0.2626,0.0339,0.0033,None,None,None,RAIN,SYNTHETIC_DEMO,SYNTHETIC_DEMO
SYNTH_FC_004,POOR_CALIBRATION,2024-07-15T06:00:00Z,23.02,72.57,Ahmedabad,Gujarat,96,BREAK_MONSOON,31.7817,35.6843,34.1633,0.4446,0.2891,0.0954,0.0417,None,None,None,RAIN,SYNTHETIC_DEMO,SYNTHETIC_DEMO
SYNTH_FC_005,LARGE_DIVERGENCE,2024-07-15T06:00:00Z,20.29,85.82,Bhubaneswar,Odisha,96,ACTIVE_MONSOON,3.9879,2.2847,0.353,0.487,0.232,0.0865,0.0092,None,None,None,RAIN,SYNTHETIC_DEMO,SYNTHETIC_DEMO
SYNTH_FC_006,UNDERPREDICTION,2024-07-15T06:00:00Z,22.56,88.36,Kolkata,West Bengal,96,LOW_DEPRESSION,41.2882,41.9137,44.4998,0.3271,0.1639,0.0644,0.0136,None,None,None,RAIN,SYNTHETIC_DEMO,SYNTHETIC_DEMO
SYNTH_FC_007,OVERPREDICTION,2024-07-15T06:00:00Z,26.18,91.73,Guwahati,Assam,96,ACTIVE_MONSOON,14.288,21.1747,17.5926,0.4656,0.1537,0.0331,0.0008,None,None,None,RAIN,SYNTHETIC_DEMO,SYNTHETIC_DEMO
SYNTH_FC_008,MISS_HEAVY,2024-07-15T06:00:00Z,31.1,77.17,Shimla,Himachal Pradesh,72,WESTERN_DISTURBANCE,1.145,6.6073,3.3226,0.4193,0.299,0.1206,0.0303,None,None,None,RAIN,SYNTHETIC_DEMO,SYNTHETIC_DEMO
SYNTH_FC_009,FALSE_ALARM_HEAVY,2024-07-15T06:00:00Z,26.91,75.79,Jaipur,Rajasthan,24,TRANSITION_OTHER,32.4423,31.2932,31.6371,0.674,0.1658,0.0189,0.0155,None,None,None,RAIN,SYNTHETIC_DEMO,SYNTHETIC_DEMO