feature_name,feature_group,gain_importance,split_importance,permutation_importance,shap_mean_abs,rank_gain,availability
raw_nwp_rainfall,NWP_METEOROLOGY,0.283745,None,None,None,1,SYNTHETIC_DEMO
p_active_monsoon,REGIME_FEATURES,0.132507,None,None,None,2,SYNTHETIC_DEMO
cape,NWP_METEOROLOGY,0.09132,None,None,None,3,SYNTHETIC_DEMO
lead_time_hours,TEMPORAL_CONTEXT,0.078987,None,None,None,4,SYNTHETIC_DEMO
q850,NWP_METEOROLOGY,0.06756,None,None,None,5,SYNTHETIC_DEMO
regime_entropy,REGIME_FEATURES,0.05956,None,None,None,6,SYNTHETIC_DEMO
v850,NWP_METEOROLOGY,0.053581,None,None,None,7,SYNTHETIC_DEMO
pw,NWP_METEOROLOGY,0.054662,None,None,None,8,SYNTHETIC_DEMO
p_low_depression,REGIME_FEATURES,0.046011,None,None,None,9,SYNTHETIC_DEMO
dist_coast,SPATIAL_CONTEXT,0.041081,None,None,None,10,SYNTHETIC_DEMO
vorticity_850,DERIVED_ATMOSPHERIC,0.029206,None,None,None,11,SYNTHETIC_DEMO
orographic_index,SPATIAL_CONTEXT,0.032699,None,None,None,12,SYNTHETIC_DEMO
llj_intensity,DERIVED_ATMOSPHERIC,0.026324,None,None,None,13,SYNTHETIC_DEMO
month,TEMPORAL_CONTEXT,0.016123,None,None,None,14,SYNTHETIC_DEMO
mslp,NWP_METEOROLOGY,0.013818,None,None,None,15,SYNTHETIC_DEMO
terrain_elevation,SPATIAL_CONTEXT,0.008834,None,None,None,16,SYNTHETIC_DEMO
day_of_year,TEMPORAL_CONTEXT,0.009042,None,None,None,17,SYNTHETIC_DEMO
u850,NWP_METEOROLOGY,0.010248,None,None,None,18,SYNTHETIC_DEMO
p_coastal,REGIME_FEATURES,0.008319,None,None,None,19,SYNTHETIC_DEMO
vertical_shear,DERIVED_ATMOSPHERIC,0.004912,None,None,None,20,SYNTHETIC_DEMO
p_orographic,REGIME_FEATURES,0.007119,None,None,None,21,SYNTHETIC_DEMO
p_break_monsoon,REGIME_FEATURES,0.001395,None,None,None,22,SYNTHETIC_DEMO
w500,NWP_METEOROLOGY,0.002921,None,None,None,23,SYNTHETIC_DEMO
shear,NWP_METEOROLOGY,0.002664,None,None,None,24,SYNTHETIC_DEMO
monsoon_onset_flag,DERIVED_ATMOSPHERIC,0.003561,None,None,None,25,SYNTHETIC_DEMO