lead_time_hours,lead_time_name,n_samples,availability_status,rmse,mae,bias,csi,pod,far,brier,fss_25km,data_mode,model
24,Day 1,52,AVAILABLE,13.7747,8.2648,0.4507,0.5593,0.7132,0.3294,None,None,SYNTHETIC_DEMO,RAW_NWP
48,Day 2,48,AVAILABLE,15.7211,9.4327,-0.4419,0.4946,0.6486,0.3625,None,None,SYNTHETIC_DEMO,RAW_NWP
72,Day 3,45,AVAILABLE,17.4404,10.4642,0.4699,0.4233,0.5618,0.3309,None,None,SYNTHETIC_DEMO,RAW_NWP
96,Day 4,40,AVAILABLE,19.477,11.6862,-0.1958,0.341,0.4883,0.3375,None,None,SYNTHETIC_DEMO,RAW_NWP
120,Day 5,38,AVAILABLE,21.6731,13.0039,-0.3605,0.2617,0.4064,0.3474,None,None,SYNTHETIC_DEMO,RAW_NWP
24,Day 1,52,AVAILABLE,12.6361,7.5817,-0.3003,0.5806,0.7343,0.2628,None,None,SYNTHETIC_DEMO,MEAN_BIAS
48,Day 2,48,AVAILABLE,14.607,8.7642,-0.3295,0.4926,0.6606,0.3179,None,None,SYNTHETIC_DEMO,MEAN_BIAS
72,Day 3,45,AVAILABLE,16.528,9.9168,-0.1954,0.4239,0.5813,0.2864,None,None,SYNTHETIC_DEMO,MEAN_BIAS
96,Day 4,40,AVAILABLE,17.9167,10.75,-0.0048,0.3514,0.5178,0.2755,None,None,SYNTHETIC_DEMO,MEAN_BIAS
120,Day 5,38,AVAILABLE,20.18,12.108,-0.1883,0.3008,0.4527,0.2711,None,None,SYNTHETIC_DEMO,MEAN_BIAS
24,Day 1,52,AVAILABLE,11.6388,6.9833,0.2751,0.6176,0.7834,0.2559,None,None,SYNTHETIC_DEMO,QUANTILE_MAPPING
48,Day 2,48,AVAILABLE,13.5491,8.1295,-0.4115,0.5178,0.6496,0.2395,None,None,SYNTHETIC_DEMO,QUANTILE_MAPPING
72,Day 3,45,AVAILABLE,14.8912,8.9347,-0.2287,0.4731,0.6174,0.2369,None,None,SYNTHETIC_DEMO,QUANTILE_MAPPING
96,Day 4,40,AVAILABLE,16.7841,10.0705,-0.3591,0.4021,0.5351,0.2792,None,None,SYNTHETIC_DEMO,QUANTILE_MAPPING
120,Day 5,38,AVAILABLE,18.8608,11.3165,-0.3013,0.3002,0.4628,0.2624,None,None,SYNTHETIC_DEMO,QUANTILE_MAPPING
24,Day 1,52,AVAILABLE,10.6634,6.398,0.2713,0.603,0.7473,0.187,None,None,SYNTHETIC_DEMO,GLOBAL_ML
48,Day 2,48,AVAILABLE,12.6829,7.6097,0.1233,0.5432,0.6757,0.1987,None,None,SYNTHETIC_DEMO,GLOBAL_ML
72,Day 3,45,AVAILABLE,14.0221,8.4133,0.2296,0.4855,0.651,0.2083,None,None,SYNTHETIC_DEMO,GLOBAL_ML
96,Day 4,40,AVAILABLE,15.6993,9.4196,0.2132,0.4204,0.5729,0.2263,None,None,SYNTHETIC_DEMO,GLOBAL_ML
120,Day 5,38,AVAILABLE,17.8628,10.7177,0.0227,0.3371,0.4681,0.1865,None,None,SYNTHETIC_DEMO,GLOBAL_ML
24,Day 1,52,AVAILABLE,9.1369,5.4821,0.1364,0.6426,0.7929,0.1745,None,None,SYNTHETIC_DEMO,RAMP_MOE
48,Day 2,48,AVAILABLE,11.0681,6.6409,-0.0896,0.5902,0.7294,0.1246,None,None,SYNTHETIC_DEMO,RAMP_MOE
72,Day 3,45,AVAILABLE,12.7544,7.6526,-0.3388,0.5272,0.6895,0.158,None,None,SYNTHETIC_DEMO,RAMP_MOE
96,Day 4,40,AVAILABLE,14.9039,8.9423,0.3037,0.4275,0.5932,0.1524,None,None,SYNTHETIC_DEMO,RAMP_MOE
120,Day 5,38,AVAILABLE,16.8045,10.0827,0.3961,0.3627,0.4971,0.1337,None,None,SYNTHETIC_DEMO,RAMP_MOE
24,Day 1,52,AVAILABLE,8.9588,5.3753,0.318,0.6744,0.8047,0.1306,None,None,SYNTHETIC_DEMO,RAMP_EXTREME
48,Day 2,48,AVAILABLE,10.7534,6.452,-0.2779,0.5748,0.7183,0.1566,None,None,SYNTHETIC_DEMO,RAMP_EXTREME
72,Day 3,45,AVAILABLE,12.3589,7.4153,0.0188,0.5281,0.6726,0.1583,None,None,SYNTHETIC_DEMO,RAMP_EXTREME
96,Day 4,40,AVAILABLE,14.543,8.7258,-0.2482,0.4499,0.5919,0.1171,None,None,SYNTHETIC_DEMO,RAMP_EXTREME
120,Day 5,38,AVAILABLE,15.9266,9.556,0.1096,0.3801,0.5122,0.1167,None,None,SYNTHETIC_DEMO,RAMP_EXTREME